user,book,weight,timestamp
u1,6a5f547eaf19ce02267e4ab0,1,2026-07-21T22:17:05.209Z
u1,6a5f547eaf19ce02267e4ab1,3,2026-07-21T22:17:05.445Z
u1,6a5f547eaf19ce02267e4ab5,2,2026-07-21T22:46:17.848Z
u1,6a5f547eaf19ce02267e4ab1,5,2026-07-21T23:08:52.125Z
u1,6a5f547eaf19ce02267e4ab0,4,2026-07-21T23:57:25.609Z
u2,6a604af7ac6dfb216963d7d3,6,2026-07-22T08:27:18.360Z
u2,6a604af7ac6dfb216963d7d3,4,2026-07-22T08:59:58.414Z
u2,6a604af7ac6dfb216963d7d3,2,2026-07-22T09:00:23.118Z
u3,6a604af7ac6dfb216963d7d3,1,2026-07-22T10:37:06.153Z
u3,6a604af7ac6dfb216963d7d3,1,2026-07-22T10:37:06.252Z
u3,6a604af7ac6dfb216963d7d3,3,2026-07-22T10:37:10.936Z
u4,6a5f547eaf19ce02267e4ab0,1,2026-07-22T12:33:40.257Z
u4,6a5f547eaf19ce02267e4ab0,1,2026-07-22T12:33:40.415Z
u4,6a5f547eaf19ce02267e4ab0,4,2026-07-22T12:33:41.647Z
u5,6a5f547eaf19ce02267e4ab0,1,2026-07-22T12:37:01.142Z
u5,6a5f547eaf19ce02267e4ab0,1,2026-07-22T12:37:01.274Z
u5,6a5f547eaf19ce02267e4ab0,4,2026-07-22T12:37:02.968Z
u6,6a5f547eaf19ce02267e4ab0,1,2026-07-22T12:43:53.857Z
u6,6a5f547eaf19ce02267e4ab0,1,2026-07-22T12:43:55.564Z
u6,6a5f547eaf19ce02267e4ab0,4,2026-07-22T12:43:57.009Z
u7,6a5f547eaf19ce02267e4ab0,1,2026-07-22T12:46:55.196Z
u7,6a5f547eaf19ce02267e4ab0,1,2026-07-22T12:46:55.333Z
u7,6a5f547eaf19ce02267e4ab0,4,2026-07-22T12:46:56.612Z
u8,6a618f10025c9cae05265762,1,2026-07-23T05:18:03.535Z
u8,6a618f10025c9cae05265762,1,2026-07-23T05:18:03.732Z
u8,6a618f11025c9cae05265768,1,2026-07-23T05:18:12.046Z
u8,6a618f11025c9cae05265768,1,2026-07-23T05:18:12.298Z
u8,6a618f13025c9cae05265771,1,2026-07-23T05:18:21.734Z
u8,6a618f13025c9cae05265771,1,2026-07-23T05:18:21.896Z
u9,6a604af7ac6dfb216963d7d3,1,2026-07-23T12:20:40.619Z
u9,6a604af7ac6dfb216963d7d3,1,2026-07-23T12:20:40.947Z
u9,6a604af7ac6dfb216963d7d3,1,2026-07-23T12:21:26.925Z
u9,6a604af7ac6dfb216963d7d3,1,2026-07-23T12:21:27.074Z
u10,6a5f547eaf19ce02267e4ab0,1,2026-08-07T09:25:57.013Z
u10,6a5f547eaf19ce02267e4ab0,1,2026-08-07T09:25:57.306Z
u10,6a5f547eaf19ce02267e4ab0,4,2026-08-07T09:25:59.545Z
u8,6a604af7ac6dfb216963d7d3,3,2026-08-07T13:01:33.046Z
u8,6a5f547eaf19ce02267e4ab5,1,2026-08-07T13:01:38.303Z
u8,6a5f547eaf19ce02267e4ab5,1,2026-08-07T13:01:41.534Z
u11,6a5f547eaf19ce02267e4ab0,1,2026-08-07T13:02:33.312Z
u11,6a5f547eaf19ce02267e4ab0,1,2026-08-07T13:02:33.559Z
u11,6a5f547eaf19ce02267e4ab0,4,2026-08-07T13:02:35.301Z
u8,6a6188e593996bbdd829afc8,1,2026-08-07T13:12:49.488Z
u8,6a6188e593996bbdd829afc8,1,2026-08-07T13:12:49.622Z
u12,6a5f547eaf19ce02267e4ab0,1,2026-08-07T13:16:29.421Z
u12,6a5f547eaf19ce02267e4ab0,1,2026-08-07T13:16:29.568Z
u12,6a5f547eaf19ce02267e4ab0,4,2026-08-07T13:16:30.881Z
u13,6a5f547eaf19ce02267e4ab0,1,2026-08-15T19:11:33.872Z
u13,6a5f547eaf19ce02267e4ab0,1,2026-08-15T19:11:34.032Z
u13,6a5f547eaf19ce02267e4ab0,4,2026-08-15T19:11:35.233Z
u14,6a5f547eaf19ce02267e4ab0,1,2026-08-15T19:14:15.684Z
u14,6a5f547eaf19ce02267e4ab0,1,2026-08-15T19:14:15.996Z
u14,6a5f547eaf19ce02267e4ab0,4,2026-08-15T19:14:18.312Z
u15,6a5f547eaf19ce02267e4ab0,1,2026-08-15T19:28:00.952Z
u15,6a5f547eaf19ce02267e4ab0,1,2026-08-15T19:28:01.155Z
u15,6a5f547eaf19ce02267e4ab0,4,2026-08-15T19:28:02.674Z
u16,6a5f547eaf19ce02267e4ab0,1,2026-08-15T19:29:48.752Z
u16,6a5f547eaf19ce02267e4ab0,1,2026-08-15T19:29:48.904Z
u16,6a5f547eaf19ce02267e4ab0,4,2026-08-15T19:29:50.221Z
u17,6a5f547eaf19ce02267e4ab0,3,2026-08-15T19:32:37.446Z
u17,6a5f547eaf19ce02267e4ab0,4,2026-08-15T19:32:39.188Z
u18,6a5f547eaf19ce02267e4ab0,3,2026-08-15T19:34:22.450Z
u18,6a5f547eaf19ce02267e4ab0,4,2026-08-15T19:34:25.424Z
u19,6a5f547eaf19ce02267e4ab0,3,2026-08-15T19:36:06.329Z
u19,6a5f547eaf19ce02267e4ab0,4,2026-08-15T19:36:09.786Z
u20,6a5f547eaf19ce02267e4ab0,1,2026-08-15T19:45:54.682Z
u20,6a5f547eaf19ce02267e4ab0,1,2026-08-15T19:45:54.809Z
u20,6a5f547eaf19ce02267e4ab0,4,2026-08-15T19:45:56.068Z
u8,6a5f547eaf19ce02267e4ab5,2,2026-08-16T02:18:34.440Z
u21,6a5f547eaf19ce02267e4ab0,3,2026-08-18T05:26:48.207Z
u1,6a5f547eaf19ce02267e4ab1,5,2026-07-21T23:08:02.104Z
u2,6a604af7ac6dfb216963d7d3,6,2026-07-22T08:24:48.913Z